id,price
10317868,5316221.979718884
10885829,6115612.069804668
10765951,4184584.6977940663
10003549,5598521.63038277
10663026,2121032.2039504405
10878364,5463643.185059797
11010960,3572985.3385001034
2796113,5056588.167112548
10713056,3478315.7554932227
10978982,3432030.288839951
11033399,6340221.036341687
10806086,1666664.3329341435
10708676,2025852.190695573
11010221,2241787.4967253543
7065898,3414060.8220467437
10902554,4869386.10713546
10980517,3380487.675595698
11014396,6420174.248118695
9663197,7644630.946335092
11008407,2948433.7545452584
11032158,5920112.98276909
10521705,3689726.0843942026
10357187,2922700.87212219
9964531,2138611.2513745837
11016254,1282985.737910525
10897827,3812868.6240915
10971653,4922163.380524062
10851751,4428261.751087828
10614089,5110142.690049222
10799791,4857388.61033756
10925824,4357403.20085463
10609867,4505607.642653782
10715849,4822204.013714511
10836932,5985521.117031966
11030179,5136256.7439156985
10973696,3094879.705430189
11029504,2063641.6720423275
10865487,5550752.530445628
10856170,2048797.074717985
11022786,4845995.824175492
10989384,6728579.546043415
10508729,5718316.622518496
8757687,4697351.208045702
11023870,2269654.241174057
10716774,5425805.220831745
10766426,6625507.264485158
10661714,5528852.2399436785
10216708,5335817.559225682
11014086,4931310.387309187
11031161,5502778.565733343
11010764,5501625.90739165
10968744,3698999.2849639123
10924482,3612208.5249040048
10657488,6699529.229203092
10763402,4316316.396367838
10959817,1333343.635713695
10968280,3099628.2433351814
11029679,2709699.743649626
10563986,7121678.575373393
10802844,4964833.567113411
11010588,3425065.582334537
10841502,3494585.7215988454
10352578,1942499.5682402644
10808054,3371183.627426519
8766436,6684974.15615611
10334874,1793459.3517792583
11020868,1553610.275890912
10937582,6218219.4410304595
10934819,1869776.1876461706
10977511,3671028.4354434004
11032362,6203556.234221702
10932604,2827054.114055901
11027013,5193799.312659042
10932522,1624380.13439911
8356244,1486416.2700410187
10846564,6115593.379433599
10995682,4095875.8937264215
10964173,2791207.003544865
10896235,1923516.829442801
10873801,1813758.775593183
10938949,5325989.213262975
10955219,2799844.7366759907
10866161,2782717.063991459
10963300,6077819.647004909
10802501,6073327.882497723
10149968,1383796.2410224234
10859710,2359336.723036661
10914214,3352719.3501315946
10570363,2841888.1385718444
10948664,3348577.723196955
10692762,6006337.599958065
10631456,1936495.7311873315
10894201,5813143.981744297
11033680,2029982.3336228481
10871777,6037694.161513135
10643036,2506820.897693525
11028263,2452971.216727276
10674010,5570998.887553217
10217747,2687457.3250864157
10838219,4322688.184160409
10265493,1514849.1960950866
11011746,6486606.0436101835
10868737,2942254.833903172
10936703,4734534.510799031
10948999,5628207.202994276
10880167,4653825.360642239
10885802,7650456.295517237
10147323,6241922.414054575
9657586,5103766.59129425
10934690,2598919.6507667406
10897602,7089103.181912231
10999692,3718870.9884054353
10954803,5784846.311251209
10802955,3525064.6568297306
10100372,4374241.040121308
11024598,6520027.344104538
10931276,2124327.0755609227
10587841,5644393.851277141
11028214,6347575.985222094
10609790,6905012.868695725
10949384,1593475.8373571662
11012461,4314124.77898445
11046345,1470335.3525376301
11029643,5137279.5410346985
11003951,2531512.7288191216
8663803,2776960.5727941906
10918429,973753.4651962337
10935030,4634966.554144232
10874656,2615956.0644296007
11005848,5227466.973884486
10149824,1263410.7008287325
10670101,2481933.4872436034
8212121,5773341.949864828
10932493,2196331.6419104934
10998578,4438664.329850668
10940004,4452270.302111205
10736927,8073550.599301054
10856961,1851178.0329944184
10401147,6502819.258448413
11034303,1562561.6122465204
10903401,2096153.8632584536
10861272,5755631.782025106
11033591,5567854.83220196
8710156,6502810.5781068755
10981235,7814587.8717645835
10895306,2291876.1178893857
11022252,3846297.2018232085
10666780,1799240.1767615583
10887672,3945765.8235392603
10852211,1891112.1234027697
10953795,6111555.399466348
9610695,7335628.741424648
10958951,1454221.2518740068
9748213,3719690.5382100986
11010796,2943736.619939196
11028485,4771029.306654742
8503318,3212239.1617469615
10813852,7052289.10986185
11030135,5659230.7801512405
10344760,5717806.180409576
10689642,4483611.329309124
11011404,-1160030.8192975502
11003565,3140749.0300598918
10093159,5425805.220831745
10932498,2196331.6419104934
10960090,2970273.0067857634
10980023,8318574.905268002
10906982,3133673.1150431363
10730667,1956021.4885567403
10976761,10178795.543671258
10989614,4355360.004793512
10884680,4545644.022515248
10860993,6654884.992112555
11031322,2220098.674056194
10700867,2088927.5092303012
10682909,5735524.171928729
10912411,2534484.795445997
10538742,3316918.4096205146
10839919,5726642.442062445
10923199,4254578.652050345
10960025,6249551.587418682
10991970,3870908.30116821
10666692,6965807.979849907
10852091,3536757.331785373
11025604,2568657.726807666
11008198,1660235.136533605
9667631,3355679.825525825
11032849,5110854.115140326
11004284,5571858.0783524625
10954175,5103901.465313058
10687714,2223625.295733651
10824629,2562260.849859578
10375910,3062412.767811045
11006418,4270328.421545502
10313975,1772330.763860073
10637204,4693160.102114536
9541379,6413040.774876637
9029282,3298789.598861631
10891416,3270871.8148818417
10821047,3385563.861458057
10823631,4593321.533279676
11030902,3353113.3100027246
10604539,7748760.346646352
10984681,1190955.1863924204
10958694,5135460.327007826
10794118,1282985.737910525
11025122,2914251.0608688826
10136680,1880092.5148609234
10932595,2650333.065719828
10870591,7127152.927637146
10654702,1396863.090065807
9860841,4329724.247673165
10958303,3020307.085898623
10788608,4189857.4492086405
10687629,1993168.8620264255
10652292,1596755.4683897188
8795118,7115644.234851163
10996940,2478683.7120965505
11031814,6717371.870642228
10918381,5790020.827838453
10779428,6625759.131129908
9507206,5274006.063560231
9200670,1869067.6670578881
10916361,2588176.0117849894
8773846,4037207.2504453035
10892970,5889800.546482359
10918818,4726551.582122958
11018846,4776706.62437118
10112108,2526816.863718944
10825477,4868189.997759996
10645626,2528015.0644242014
10023481,4052355.041752138
11029590,4115153.1606140602
11007324,7742246.1144035375
10797083,4759665.942988162
11045262,6987876.45459801
10672382,2682827.0865436117
10948441,5546217.498602851
10606718,1527951.7939267508
9947358,1584754.223826333
11034998,7803944.084950987
11030898,2646348.2237031558
10949065,3531204.3580284575
10942629,1525612.4311346058
11018877,2858440.546263039
10548429,3406028.915615775
10284663,2271351.0284216334
11006387,3200916.451766288
10995486,3638120.3562841304
8503088,3864111.9085901966
10241766,4167578.028484576
10975003,6651860.977154231
10525975,3140126.785668358
9433521,7587560.309477288
10906178,2138240.277990987
10847252,1878669.4109969335
10390650,5929724.441976449
7815502,1592856.8845322528
10935802,6415931.583260017
10786218,1557171.015397668
8420240,2456122.8515331326
10879706,3303942.3270783382
10521931,2197652.4643633584
10738206,2047959.8295285865
11011909,2787509.145645617
10955135,5034596.542710572
10933058,2286112.1145977806
10939558,1760662.2648740616
11013517,993504.1683377153
10049957,6331768.204750111
11005245,3334232.2919646343
10976348,2244454.0626319307
10857857,4479184.600659832
10625472,1928315.1589560863
10940742,5886777.014256518
10983586,4450261.878512708
10609460,4537391.438993841
9193578,5286346.603969355
10515881,5151111.752540078
11030309,2863826.5222599455
10326354,6389672.826413878
10804020,3774083.6886181603
10924949,1371730.8205274362
10075703,4067809.5249163765
10936819,5695842.607154633
10384373,3321291.6478604074
10698705,5569140.176655049
11011650,4627864.837755017
10585847,1754529.3863381767
10315800,3700750.1700075194
10949717,5692003.780878852
10049960,6331768.204750111
10842209,5170219.1398494905
10954170,3841016.133840413
10060570,2517535.682216364
10927912,6548053.213964937
10906726,3735167.730197685
10986369,2509802.2506526723
9943818,7446587.073243732
10999476,2023610.2770880945
10744646,1514849.1960950866
11032801,2100533.772707246
10928739,5153975.589053188
11029700,2330897.137984654
10360179,1734622.6868510237
10894052,7780613.565079557
10422961,5220549.308519045
10817270,5784557.676109924
11022371,5847840.009596566
11005368,5275052.5700370455
10945362,4922468.300990553
10820829,3990638.272507414
10826588,7588627.23463461
11032972,-557543.7556049963
10964156,6344934.516600473
11038801,4392256.403398362
10525422,3240117.8095708443
9820523,3682131.853776009
10934692,2081958.5775081227
10977677,1916405.5116036367
10862981,7364814.0156331975
11010941,1736944.4076167801
10698707,2101688.777731668
11046204,5647498.184010031
10752731,3683610.45952685
10452253,3503898.8267593784
11013026,4390091.991384118
10043313,5817459.801424516
10767834,4510408.8220444815
10840138,2874277.8086625338
10925790,2613735.565539925
10909390,5793795.689769039
10823094,1733002.488989558
11004654,5713685.587111107
9019101,3187373.709384081
10968003,1839183.6216411414
11029658,3396971.69130941
10273565,2425759.7323659407
11029412,5760119.526656571
9838958,2952345.8594305776
10935337,1539332.3724397202
11012594,2528099.3031424107
8893447,1993081.0997709553
11007496,5733010.233317076
10974772,4013643.536810067
10997186,6584101.888679689
10750697,4669000.830347715
10891333,4393798.694623054
10742201,4829618.215930896
10849108,4825809.754605758
10815334,4546094.981625917
10842402,3515779.5739896065
11032616,5928811.183737557
10851164,1888113.682921302
10898176,2833438.9829351343
10907566,3315906.1989442613
10708961,2994997.1014162023
11030065,3769670.3995885937
10705384,5483316.477948281
10891351,3156242.949734017
10838382,4610971.698262272
10611931,7114813.151679774
10841603,1900119.0655746255
8439211,5439395.080270765
11016612,2240312.4083361
10988905,7205741.310039528
11012939,2713066.2944483277
10979581,3158025.5793166067
10830257,4103491.9852899453
11036542,1625421.2845488205
10904546,2503952.1780972695
8539632,3803486.3856196534
10857215,5757231.143808352
10541410,1952031.7129199598
10723063,4731902.8451607395
11029649,1850491.492252891
11029999,2445085.070839774
10952098,2142021.736494153
10836208,2881090.1705652373
11022573,2023968.440647949
10798513,2766511.3892711764
10984356,3087235.372922779
10745642,6379246.317158303
10841042,7123347.982892313
10538365,4408679.332653831
10897920,1722185.8667193218
11006479,4891909.388624814
10774899,4213610.320279867
11001765,2513993.602820725
11033538,1453154.3023522343
10831725,2365831.5789852403
11044926,6233492.793247107
10976271,5406881.504751852
10981556,3419583.401252578
10961326,5480722.057442588
10883866,5395659.107761348
10841901,5923881.735752605
10693007,5847496.404242097
10847817,3226121.5974861057
10896856,5959851.293075923
10784274,1485634.5264945212
10378785,2174945.4944988284
10910362,5553725.703758594
10923489,4785528.139755119
10796396,5348394.506883325
10893036,7398095.308038073
11011008,7938939.081677183
10952064,6027963.617239203
11009697,1213708.6160395462
10308491,7027987.129018227
11009134,6832943.310221686
10956663,2852015.4730488313
11043808,2217684.398064757
11000065,1899828.569319969
11007409,5742808.196386612
10328736,2752471.938395092
6954834,5230382.711041782
10949562,4378071.885191226
8889294,2978751.1530188825
10852545,5225297.961870667
11017010,1453794.6053079758
11001089,6319551.364718649
10914315,6564912.540008277
10965478,3773042.1550099067
10819401,1706518.0747238165
10979878,2679601.1314736865
10613706,3537952.031005311
10763485,2889154.737345243
10609498,6004491.704554432
10847829,3288135.828723153
9716533,6202238.701386554
10818543,2104870.051375564
10955543,4675266.99863365
10914990,7770797.206233047
10650754,3288564.078581063
11007835,6306424.579826702
10986600,1639489.0940359985
10205939,3927003.8179619005
10613818,4267661.312744554
11028806,1571359.9277780945
10821045,2589889.2564270757
11025719,1527951.7939267508
11027050,2063641.6720423275
11027120,2615556.836457506
10991121,2678071.2603608663
10615821,5154841.613580787
10826789,2492366.715918266
10823501,2038650.598035119
11031678,1775530.1594837797
10904277,4597240.884847028
11032345,1572642.6367878001
10790133,1226406.1858648378
8035356,2105480.905015254
10874651,1271350.263564187
11010267,5907704.100446618
10803357,4361420.784369348
10693203,6612914.141379642
10927529,1452323.9565393915
10965515,2720331.4401898202
10756016,6252518.279378348
10818159,9242894.678513855
10927662,4849627.339394622
10558471,8167803.396980893
11033496,5693549.092805849
11002382,4114790.5356667447
10984447,5169658.071187746
11029759,1803105.681161515
10619610,6728181.780752489
10984665,6202453.303780959
10859925,3847345.325326519
10750711,4431323.321056944
11034193,2239882.7405978404
10468221,4937452.228251721
11029635,2077536.2113002432
9113806,4221823.394979171
10848057,4469605.497938853
11030021,2235675.922552524
10874549,3777250.9198169373
10871719,4406256.068276677
10648595,1190091.6482511912
10948308,1972548.0449454407
10978564,1671860.3152946117
7559766,1526798.5822639437
5704631,3365596.1263996474
3204311,3640442.44230327
11028848,4250583.997780248
10717237,5595328.772394849
10855877,5091966.265651218
10904038,4020088.9595304104
11034225,2116568.382614577
10742964,2680077.49127594
10737033,6987876.45459801
10955514,2520466.47945563
10870666,3627065.080149154
7846347,1830418.8664956521
10077834,1835614.9127934338
10020769,4262340.738022256
10406971,3091605.376075942
10644641,4190322.886059049
10776176,2248832.589163051
10789519,3842009.2193132904
10921562,4985109.538315157
10927184,6555591.832043132
11021947,3088321.593967941
10958511,4481679.813608879
10925633,7410353.735894401
10613987,6150703.883243047
10987430,2182362.9561009724
11030594,4280175.151885302
10951734,5150126.928273114
10916819,6057129.54571174
10925164,1865132.2949187653
11025234,1423305.510784097
9838788,4333514.674030773
10979378,7305865.320693381
10852399,7114813.151679774
10965082,6297902.381740154
10798315,1787079.5792794582
10666268,2602535.150334697
10997655,7274014.860953974
10918750,5361857.977554766
11028591,5029710.228165418
10867068,3392204.0063691637
10694259,5121608.039784384
10821922,4330356.033155007
11001243,3813471.322573676
10970970,2226496.481732432
10814380,4178169.7705499697
10866816,4592087.5645904625
10762038,4144491.932785184
9267648,3205288.6198782874
10911849,1632234.8142775018
10936519,2493400.0510076033
10924382,6448250.478776346
10826497,7320786.712244488
11013768,1730207.919165615
11006368,4270042.803307908
10832912,2193740.475427641
10911741,4228130.162881212
10762089,2096059.1024984787
8476937,4842397.794100374
10973171,3969486.4521286236
10935843,1909305.6771366159
10694580,3533793.734587549
10996709,3618979.6892151088
10545059,1494530.6845243345
10401321,2653806.21483106
10782758,3296800.3177630957
10911750,5131367.339674835
10864288,3267684.34111755
10870430,2787055.44015536
10942747,6479015.515371637
10556988,1699226.9674982456
10961624,2994997.1014162023
11030320,1752318.595100935
10869522,1796275.2581777978
10992849,3725873.3721005674
10805256,2920879.5607806267
10999817,2690586.7292901147
11032474,4271834.059496608
10989802,2873116.6312720366
8202873,2355903.5776566984
11031396,1731801.329213323
10913165,3757453.3903193395
11014436,5893838.149192222
10985609,6612242.336084535
10992341,1997365.4853082215
10888602,5711606.230764454
11014958,3732841.237175093
10981220,7595971.812856277
11028256,2880393.1568518616
9161413,7209820.393990241
10778733,4831660.730406632
10797230,2285658.7764790957
10965171,1996817.3627896034
8819143,3633743.2006674195
10786709,6542349.410604787
10960120,3654478.7441514833
10803845,1470532.6246392727
10956924,4545778.682181654
10997131,2053822.901426888
10633845,3932999.010020362
10929564,2203732.7621508352
10235128,1757989.3025030694
7256542,2058725.4544782885
10759036,2295689.3058658433
10739357,2162134.2854624204
10981008,4308412.1881605
11025580,1726940.4857688863
10839133,1458967.7423217571
8383093,2161959.393352476
10752533,1943932.276173539
11028009,4745694.074861189
11028171,6659962.879669407
9740177,2563273.3530288003
11031102,6759862.302537499
10851961,2855318.021226123
10867819,4404526.023151217
10814406,2156021.0591452247
11043537,4642875.863889984
11032266,1365153.5611712183
10609389,5136016.295801025
11028525,5456010.618368796
10827604,8023963.829512936
10298437,1774906.2539062025
10333987,5115545.780131395
11007663,2334492.2460256447
11034022,2425485.728650727
10912810,3219155.7005076776
10848699,5287120.395632469
11028484,2166514.10928586
10613685,5500261.088497064
10550425,4169702.1038571373
10781613,1855317.2992368261
10928963,6337750.7940093735
11003249,2121328.5361446375
10623726,4212756.222237673
10738137,3846938.634494813
7945727,1886257.8350794623
10944268,5650685.869724357
10958934,7166368.109104181
10982388,2809358.3123748694
11030969,2143762.076545508
10963478,5628207.202994276
10929884,2451391.9054768267
10980070,1661081.7098144023
11033696,4574631.434282801
10708679,2862445.8992433865
11004165,2662516.032485225
10608258,2592288.609013591
11011550,7566010.777873085
11031780,3537077.423452165
11026821,2175996.9138693237
10869236,4754632.462759458
11034992,3035580.131560332
11033280,6515369.811603626
10981577,2543926.5896721417
10771851,2985090.574120857
10936933,6086031.936273926
11030033,2330401.741776745
11046999,1158704.9080769732
10846226,3906688.9918045364
10953730,2320356.746616073
10933694,1531042.6072351784
10730481,1253457.3783828146
10896981,5758167.034970678
11010491,2767006.654622551
8452025,1600764.7331939233
10558566,3920848.337963487
10817610,5780531.101223795
10545103,1324752.7474168497
10962106,7090027.854157912
10993382,3087133.754956214
10805314,3320473.7002116116
10041006,3809779.433783534
11006984,6267814.077565983
9701581,5334797.253066883
10221774,7105408.839880349
9740170,2554760.7340237503
10746255,2454045.882506101
10931937,5230452.460069951
10637194,4693160.102114536
10781903,5803660.025876787
10317448,4592821.776827634
10912975,4152919.3372667823
10953118,6392443.664061947
10797115,4759665.942988162
8518124,2392375.784335958
10708714,3877540.697982863
10789356,2431524.7602210087
11029499,5019889.935875447
10511676,2775069.675571451
8864551,3415882.801469352
10799179,3932244.170580224
11031469,1687289.50337609
10955961,4366184.393586559
10764273,3616988.6892374493
10884595,1556422.584590693
10716117,4129240.1978141908
10761639,6394201.489259526
10539513,1469474.1661284734
10823226,6347575.985222094
10255419,5337942.342632344
10830677,4667111.579543446
10677971,6557501.036250142
10463447,3798909.2565363194
10890022,3046518.4323615693
10962175,6839203.575966463
9970127,1939266.3086744286
10940011,2676043.085461275
10985632,2974201.7104359837
10997364,3945212.446745537
10932870,7989921.4121450875
10289293,3987454.2353204275
10991275,1899988.5742360782
10685074,2536521.0115950285
10609923,5507208.091086704
10918627,2581305.7538994355
10617019,4102133.7811632836
10640648,2304459.967987169
10953383,1891374.3583580423
10975430,6951468.370553091
9784771,5406050.950413531
10933403,2783159.451918261
11032936,1785908.528783361
10734582,3471470.35033009
10846588,6717441.650089384
11031496,1750627.217582896
10888600,5711606.230764454
10976066,2244721.1265798444
10740733,2508541.516708633
10826495,5907344.57370471
10954167,4567359.031560641
10679117,2399392.4277957715
10838023,1126440.6857342524
11031330,6623551.295548246
10820548,6789898.502835886
11007396,4110089.5551305027
10997923,7210027.96784913
10569890,2382743.643560909
11024765,2284903.134180123
10943512,4283171.092164891
10116578,5188338.1284300275
10867670,1139590.1461118017
10989210,1795894.2363218786
10768083,6421133.655722002
10968242,6538565.878093693
10824677,4650149.039439477
10904502,4791400.571636806
10980588,4831759.251074398
10200877,1521264.0759148593
11026582,3728463.2230808046
11015103,7266088.458389815
11027339,3923478.3300307146
8394071,3782124.0153194005
10941477,1456373.6950257705
10337509,3700828.751150223
11018767,3551600.0339634484
10825683,2276309.467776156
10850844,2451125.391606598
10609989,6644091.909652041
10919926,6533350.403638205
10927710,6058773.153540684
10521602,1928626.3151881373
11028220,3774083.6886181603
10925900,2393940.0251013073
10903257,4761422.167889653
10979042,4831745.703394075
11011093,1621088.182237362
10928769,1452323.9565393915
11007726,3871241.2421253384
8590103,2305729.62981857
10691525,2062575.559863273
11006884,1814174.2318579084
11032247,4630913.341460348
10887480,3400976.8830597783
10847947,3875698.3139728066
10513356,3431565.4341174895
7970793,5291350.697134515
11033808,6787719.830292669
11030325,1617698.7404215252
11031454,4988195.306134189
10786481,3784114.4985170313
10946016,3457156.1554139988
10947707,7098697.227419194
11029905,3220109.5819226447
10848254,2269247.4892147947
10727826,6051842.796405873
10675166,5018233.805344954
11004211,5444041.271354007
10050712,3910015.8605111227
10746309,1553610.275890912
10797224,1230889.507078811
10912880,4085925.000158957
11000496,1703465.3870231076
11028122,5676931.255337307
11031122,4944412.399738017
11042833,3984417.6765455613
10881822,2058207.6017094422
10881046,1433255.4429203514
10608582,3772525.895977538
10466060,2900087.4964246447
10644104,2132707.4835513723
10908357,4133510.8212682297
10908754,4580099.333537884
10571692,8105615.92575403
10583192,1819417.2357124463
10977967,3537365.4334143912
10388943,7004785.225116412
10920134,4271891.634422841
10918271,1520802.7650990062
10905062,5748334.746882449
10315390,4606101.319734925
10989683,2055531.9868122218
11032121,3553800.067378836
10923976,6055744.993920564
10836814,3871198.305223494
11006127,10120917.09195966
10630511,3244544.4272047076
10752451,2128273.1460380396
10709964,2567033.8336699856
10753060,1558671.0326067163
10971746,2088899.688218729
10838543,5436837.047341628
10799656,2436423.5008346066
10806393,2841888.1385718444
9584615,4115153.1606140602
10939776,5801640.587671103
10990474,1848923.7879767409
10910191,5275196.385448282
10898849,6246849.340558965
10874449,6635449.78589149
10876151,2218007.083339601
9317081,2515076.8530141967
10637728,4212756.222237673
10971911,5407137.071558608
8569744,1453794.6053079758
10668735,2372218.462655716
8336126,7930884.185354175
10611275,6632972.326693974
10770664,1918456.0260308953
11040672,298511.9027093211
10887735,3993353.6045265356
10966789,3596894.176258334
11007366,1345062.4669897459
10627234,3411463.9620410376
10942926,3856478.5438141814
10848666,3356482.023476029
11035029,1326712.1661592927
11011705,1982450.9300914682
9813220,1097762.635057893
11023951,3890123.4434528626
10976436,5521686.749806488
11033596,3941786.1099750847
10925165,1501559.3714873986
10585843,4287124.8247823715
10952036,2647376.941973778
10962956,6332132.267991325
8659826,4991711.22519719
10951973,7212879.19930988
11009968,4322053.429149299
10990495,2955666.883182791
11008503,1588395.9696590533
10914520,5496076.405117638
11002550,4518443.571031531
10985434,3419110.8166252007
10766436,2051603.7112258319
11009186,1417992.652329783
10967875,4860643.2745053
10609295,3016884.0802431908
9966371,5964021.589495261
8653144,6134551.647050085
10852199,5604910.182426657
10242157,1907691.6071685953
10335962,4448607.787696245
10971483,3030920.996553745
11032534,4054789.1574486806
10939923,5328351.434816497
10952191,3896063.7187883724
10695323,4204893.2530478975
10746376,6115992.721131782
10612222,6428388.923298273
10971166,2918349.1690251147
10613422,2742757.0233731307
11030408,2422922.728890539
10771934,5918907.291438483
10802442,2786204.103878227
10720503,3781096.9755937615
10155907,3024002.9150276706
10946546,5561402.862448065
10729732,5072074.471644442
10890029,3207343.860437354
10958360,1846590.0870546913
10762936,2486398.485130581
11020274,2650066.441393959
8351520,3698978.027446845
11009711,4658392.575625295
11030812,3912657.188221852
10942165,5231332.008088186
10847116,5140770.011346054
10785133,5592704.694679768
10940721,6045443.925821243
11032782,5001525.896351849
10979279,6096532.642160437
10682691,3137715.4786154367
11033050,6293822.02862972
10823180,3972864.673566187
10716444,4791400.571636806
10955544,6863702.087540706
10853949,2282083.4275742937
10842568,3224773.0261098035
10986641,1839356.6942028916
11041137,4185594.6564565366
10759936,4944644.282482831
10885806,2827944.682938
10849974,6201257.35341328
10782857,4382166.784277013
7899734,3315116.138021032
10642918,7577945.131428149
10014689,1688501.1009987174
9819580,3866763.5845105182
8947191,4171693.318048595
10551859,2124192.83646479
10852116,4811234.223995349
10744311,1612303.1417111023
10827282,4014948.041518186
10578513,1872316.047520211
10963359,4692401.384949572
10813125,1768842.0108934809
10612202,2986914.103509684
10203028,4057576.769688119
10963861,5465454.236104882
11011348,3022623.451866176
10977617,4573320.062814923
11004120,1500210.4622740978
10765749,3617031.1254472206
9964713,6246597.6661070185
10778785,6686206.323066682
10872739,2856850.4604040943
10823064,1602111.5412573786
10747202,5248623.99862423
10958881,4390663.292060076
10900116,3285294.467292029
10848148,3100168.3892223886
11032289,5740569.42751254
10611294,4445233.314314947
10953361,5062963.252715322
10903515,1457398.0111569958
10514703,2889592.1089445585
10714430,2502459.526574713
10936422,6495925.019735882
11030102,1961728.773600242
10779425,6206058.346987292
10935799,5964271.54946298
7503251,5230285.322630557
10968572,3901062.6629844736
10966147,3431857.331354889
6222440,1770450.5180318723
10763174,1565534.1761969295
10919613,4707239.19222873
10823470,8105615.92575403
7532302,4262179.758888002
10049958,6331768.204750111
10558929,7427208.825136533
10906725,2586239.3291170327
10703295,5942941.860911952
10850757,2779325.1333621806
9584616,4314663.69222543
10848609,6133862.263071627
10974754,3823196.4880967117
8469352,1425705.2284766934
10983355,5473583.779368848
9275031,6061505.241347277
10793649,4671448.368437756
10790208,5642860.479576244
10864238,2225075.2747290456
11016099,2181468.151092421
10819841,4952249.075107305
10846406,4002431.645780846
10538346,5277656.401870118
10962072,5178143.579777449
10737201,2261945.0952407173
10724605,1563156.4088040143
11027490,6271347.753275868
10838077,1400612.2110231924
10780028,2973737.126844776
10975920,2380064.9374625245
10817484,7468790.37308558
10612745,5913833.105482922
10700093,2210139.291422311
10714280,2874788.176198342
11027055,2582010.988617708
10979645,5036449.59008276
10861558,4016191.481187079
10942619,6951162.927863009
11024937,1632763.9682642035
5165267,6288275.0779769765
10992130,5499153.24782295
10772317,2738241.850471952
10586952,5951499.761164622
10986585,3980038.427546898
10785836,4977435.299706467
7420653,3298035.505583065
10971718,2830557.1336852135
11027693,2658912.8540661116
10998493,4310765.199342617
11030009,5336057.228331013
9541375,6079153.919694573
10615450,5623712.269154687
11045054,4096500.1626390116
10624641,6160877.440441073
8921994,5453420.427500091
10843490,5276078.823478825
10306302,2016838.0905386573
9859531,2517124.992227399
11033802,5914127.168046022
10720356,4318932.127310081
10735028,2578760.645829971
10979119,1965704.123433521
11025540,4836528.290720907
10684803,1991725.5377154616
10609862,6435427.07505617
10942637,1456373.6950257705
10684974,6354423.170420966
10990402,3270013.37739437
11030653,1846075.2846573815
10865844,6041223.122732546
10980607,5566981.091048117
10576704,6160316.347429996
11010294,4427405.3876564
10875402,6815232.4735153485
6348252,5393047.945515782
10810331,2803809.8002841724
10990484,5596831.28741844
10749470,2936230.7895790813
10953574,5649804.160727828
10550456,5634472.533860919
10944116,3138054.229767378
10901612,3932770.634086787
6388044,3947168.378618652
10908103,4684057.195149093
11032341,2058386.4569468666
10999302,4565830.496956605
9977132,7394239.893693277
10611083,5288954.975215271
11024599,2058207.6017094422
10970449,4239004.442493271
10225225,5988490.319754627
8959583,2529612.6964986506
10810631,6362352.084544114
11031939,2807831.0882913354
10791335,3057442.573654114
10958151,1572368.1610110053
11025068,5015560.857800558
10608683,5496987.018416638
10927356,2438746.6982107633
10983702,5959877.995989612
10712524,1587845.1243414828
11040286,2487469.924969884
11033143,5567302.777252534
11010795,4271834.059496608
10944466,4200543.7655620985
10510937,7075570.102356084
11030118,7290057.874223019
10946335,3217599.1861244496
10574461,3110520.9829876944
10993607,3659512.1698904727
10848528,5700468.895078292
10822066,5784360.163576863
10613647,2761943.5884797396
8371274,2549827.0832292233
9406188,6486606.0436101835
10880158,7378490.939818341
8684469,3227860.886827752
10824603,6771583.758359754
10821919,4780571.428380263
10755123,3055645.978731309
10686962,6749441.202835209
10583076,2425762.1622774033
10925585,12456372.987629276
10891171,4406857.484011002
10895307,7270340.174790731
11033074,5063995.671416103
10613082,3154031.670919613
10946539,2172514.801516324
10613416,3856012.1282435064
10860933,2252327.615652647
10804069,2151492.58958595
4157396,4620735.857790943
7532453,1642032.258632443
10359922,1405656.3423995432
7442201,4124974.5949075622
10937275,7234892.832542622
10894936,3777944.2607006207
10522894,3426798.6326089744
10958605,2901301.7221035566
10959027,5007572.188978167
10998179,2789575.4578406336
10824561,5967143.364737975
10300729,2328260.939743821
11005036,1757539.9908257602
11006550,4378633.968861681
10594177,5130567.48322914
10771471,7349232.635799978
10971665,1899605.0389359877
11040178,2435238.712015791
10608458,5427226.6087325765
6378721,3467465.5099231917
10890006,3102767.3994308356
10889966,8071227.435754909
11006932,3380813.6447313633
10611143,6208358.706204832
10421902,4260207.833827521
10565149,4948660.508099593
10951951,5103901.465313058
10795492,4839473.654678095
11015809,5358179.945307436
10653288,6254296.792849733
10912866,2385843.1399947912
10980786,1863309.8828126537
10939050,1717119.097089821
10763663,1956020.6962193595
10887348,3067349.7006316194
11016085,4306600.011633182
11010989,2662831.818599692
10957181,4967833.594474255
8561745,3157592.5314080073
10776569,6127839.013063752
10655965,7412937.648684745
10685520,2846680.0478095664
10404637,1998614.3845688412
11032989,1527986.0654009823
10614102,5336413.355234057
10927673,7002866.251926357
11011834,3350774.2171714157
10597732,5663346.263367696
11028440,4690977.627989851
11019186,4940877.625932199
11010908,4538112.499571575
10784248,1324998.2593386713
10087594,4662407.76130577
10548129,6000376.213980076
10655775,2259171.072099925
10746217,2251432.2110198876
10906152,1605997.263639227
11029475,4220466.426534464
10901590,2097324.249900948
11028555,4812678.663621737
10936822,7338669.449494597
10605918,9214887.059814526
8201777,2730098.7620754745
10856737,3808336.387649967
10989659,1337034.164187896
10329337,5839498.9678790625
10957189,5546217.498602851
10880779,3534558.915807252
10933738,5110923.7211339455
10743071,5198061.831188006
11032427,3589946.6972806766
10838771,5477576.204667795
10923915,4333514.674030773
11029446,3615562.3893516837
10979567,3154111.1360974074
10983062,2766455.950768931
11022950,1957881.7198205078
7532431,2291575.176641657
10667340,6515837.072448215
10554315,2654036.5665418804
10720180,3014206.9889293825
10872516,4358116.574976304
10610993,4719729.544109361
10979354,1853375.4437045418
10867917,4285364.490520083
10830008,1470335.3525376301
10960073,1465734.2154868366
10974562,2234009.9324370367
10997369,6311389.016750291
11007755,3613144.149477465
10814833,2425829.4686222384
11033986,4621420.100105646
11010916,2040849.489642946
7579697,1780365.738297246
10630966,3540407.526659559
10888666,3400976.8830597783
10508758,7132095.434829523
10907604,1175924.608278568
10775383,6906210.055599239
10973758,2974301.3982302686
10946331,5248958.129313013
10548420,2012650.0942405136
11020613,1737714.6743449406
11011797,3607027.810007041
11031729,2751338.6661097454
9247456,1781902.1836071908
10928252,4243385.784367158
10803652,1282985.737910525
10879698,3303942.3270783382
10934348,1560621.4992029644
10917839,4752827.174860999
10758017,7282717.266487211
10694066,2582630.8044188092
10981020,1843301.8701348342
10846502,4534533.70119819
10536930,2136715.123000864
10954593,2878861.280282016
11004630,3908728.6916024354
10810647,3173300.537612578
10820654,1411793.198707588
11033138,5360511.18443884
10973325,1381946.2758198297
9865163,6117953.538457258
10861661,6120299.776282465
8494902,1456864.2431492452
10611533,7311359.805625313
10957311,3069068.4568604124
10918946,5394838.561541164
11028543,5941395.25694781
11030392,2288140.5224341257
11023906,4916347.235921977
9267688,8586450.786586225
10981665,2466780.8440537266
10788333,4229504.485969191
10994079,4673949.169374972
10772040,3877652.8390621045
10996784,3038617.1941205
10797576,2420770.309386889
11030873,3092675.645583252
10542341,2604632.39708659
10898857,7186037.474576058
10931589,2489526.600447921
10879713,3097734.1457563657
10956627,2789010.957777481
10934028,2032106.8349973722
10612805,5460309.979955161
11025221,1582178.514574931
10677829,2508804.3906477215
10959846,2584364.000156264
10920002,3948760.2237097323
11028637,6079833.960245712
10980648,5650008.479278774
9810968,4330597.490138988
10873442,1912752.033367503
10995558,2499857.850359338
11028787,3618843.516903959
9668813,5417769.285484787
10970343,3005355.0647042645
10710947,1927073.1857957211
10963370,5360386.782398639
10969503,4799397.411280377
11029188,6549115.559943487
9852655,1961743.2941411268
9986982,2828904.5212853914
10909576,5720667.82308183
8302590,4088595.1730990866
10972378,3248473.550976867
10971734,2117414.0848007365
11027141,5253526.651443769
9593756,6544667.626432613
10608774,2749743.9572432004
10769806,7422287.944828521
9029465,5549014.223278666
11033078,6869835.796174291
10821164,2034353.4739458123
10797145,2017740.3151569772
10709813,6329526.111210944
11005887,5872847.08616389
10769802,6583340.377074147
10586770,6966970.86110598
10690281,1844914.6652086135
11034057,1440231.3431964675
10955002,6165568.15236293
10538929,4966513.953625002
10975550,8213886.900273434
10999493,4215006.834683644
10827312,3420293.9479868375
11024576,2426954.0426377663
10604596,2226159.4140309026
11007139,6490523.046189657
9643032,6206708.325047336
10758230,5208494.748616074
10540579,4689073.236460163
11030166,4656348.635156254
10907467,3898214.855957411
10861737,7043769.563429989
11010894,3283121.0409549884
10908714,1513314.5271165846
7595441,1941616.2935717208
10938310,2385666.2597932355
10756232,3016305.643516672
10538067,1514795.8255590848
10895326,4895821.980454841
10673794,4588239.396935823
11011070,6817451.245990851
10685110,3202970.5350443507
11008362,1762862.1590260155
8269062,5480762.62724906
9812623,6481091.519642321
10918599,3657491.361082891
11010748,5567547.18311239
11029565,1463002.8131435518
10783239,6024414.173858902
10986581,1902187.623902691
9502023,5018233.805344954
10522957,2210139.291422311
10516750,5393047.945515782
10961854,1478036.3263887735
10474073,2228500.6902188472
11027073,2929843.612485931
10609721,5268721.925481731
10975184,1327288.3452804233
10538727,4896136.888341203
10855598,5988971.131276695
8394468,5666971.581829371
11029641,3121882.9927329235
10644120,2904274.360353428
1755218,4623729.637998782
11006033,2911534.259502762
10891121,2152026.376682442
11022393,1525436.957364407
9857220,1599422.0679460214
11030304,1501802.4852552805
10916478,1089152.4796217987
10999237,2218496.2979712496
11028063,1780487.7791506825
10975070,5580891.995673433
11014863,3498019.506494425
10770642,2623487.414673392
10790237,2290711.131583688
10548877,3753569.523059307
11022625,2377856.5056241406
7169528,1611257.4221764584
10591773,2333897.526438424
11038690,3144090.5156748295
10989595,2610275.712055648
10918105,1449937.3204777185
10956820,1924746.2990714293
10714717,4605146.203341997
10746593,2035569.4116977733
9940882,4255712.169426984
10958335,2134455.5387732
10967387,1462726.5377500257
10212564,3278928.532633573
11042581,4545059.705733619
11031703,7255721.234846914
10800341,4966513.953625002
11011414,8294937.087620008
10835345,2440428.8327475293
9211192,3725567.012156105
11029264,6902130.233301072
10872514,4406810.963036904
11016298,3690192.9244389753
11030297,2559191.566011099
10762558,4071443.3984163273
10939073,3575712.603098245
10557070,5276078.823478825
10805840,6559715.384814264
11027993,6270471.34326039
10737552,2723802.710214814
10587381,5481015.319975884
10664515,6238618.523448172
10699493,2978281.136793663
10902461,4700512.144927287
10985048,4846769.1867379835
11013107,2946642.888225357
8160643,4826812.528935344
11029858,4410552.678524818
9801014,3729969.7002302366
11032305,1708160.7509795818
10844870,4524991.911801253
9457649,6926591.077857164
10749078,6563752.090906713
10930367,7033674.686050631
10910887,6395569.209133971
10724349,1985914.7449838757
10938069,3429404.6481308774
10867793,7722998.820860149
10810132,2516347.6347755776
10824139,1906019.5254150638
10880462,3632362.440217727
10852347,5464205.810629141
10611360,6233240.893647108
5585249,4568015.641111164
11001499,2772350.0549833644
10760470,6352971.107509254
10916673,1789905.0494439192
11032100,7118327.352706476
11030764,5073259.0870323265
10925383,2586479.685832684
10892935,4217681.435592225
10390358,1290582.647379946
10969373,2280860.270825271
10847828,3729798.7609634288
10658527,5558679.062556836
10960844,1509505.3722597659
10820351,5267896.128714146
10854022,1587871.249145268
10911843,2558166.3959297165
10835498,3208497.893207154
10730261,479319.159900506
10941253,2632291.065985444
10984546,2141329.9454000774
10787761,7697736.719582621
10784637,5182458.175901825
11027698,2371796.8831122788
10968086,3146816.800203322
10939062,4292196.643570848
10577252,6259046.500226108
11018108,5405959.6132507045
10656989,2260028.8568280954
11032377,6105315.708181951
11033352,6186373.250504074
10977559,4483003.575527561
8923857,4683255.187604374
10641834,1253457.3783828146
10933624,7182303.757177325
10772318,2580793.8806641265
11011055,2290081.0083309943
10725964,4262242.249130307
10958785,6538148.014875706
10777702,2143719.811598431
10958878,6659098.72829187
10966579,4771810.12625338
10814989,7682016.122827289
10608667,5953785.565037272
10825214,2780057.2782321805
7991762,3696729.024916129
10761185,6107454.377503004
10903017,6205138.828645704
10883745,3616070.771999906
9743202,3250122.1471799584
10538349,5916707.583268368
11009747,5150431.31744912
10870361,6943504.264534142
10904254,5479039.751711664
10733087,5915700.783580724
10932757,2421341.352142024
10820661,6053355.082392462
11008484,7662269.179305991
10979987,6129634.862086084
10611183,5619167.38498801
10050257,3524353.255551515
10811337,2732433.7842633124
11033323,1630349.3320929948
11028715,4732732.096797587
11033187,1659064.9471076466
11017403,4593689.463416505
10852326,4909670.0721430015
10983931,6519025.697730301
10570522,3162457.7913383255
10990337,1596836.9089155504
10982659,1802448.1663763924
10863423,3246904.339418362
9845801,2090481.6559964516
10809817,4407339.726054954
10142790,4258801.4313275255
10846232,7088726.031032666
9394608,3861945.4394937744
10961971,5947910.142473258
10771371,2552582.529059908
10722108,6604723.402005732
10885130,1717414.5139319692
10812180,3001876.717607881
10999111,4736727.583704041
10944045,1509225.4420365551
10983506,2452526.798871577
8672983,3323248.2344146
10958353,5483767.95853877
10387498,2478185.630028535
10605668,6791946.072641265
10642408,5496649.4695760505
10550289,8781279.951172538
10933237,5764201.671838892
10764826,2331838.0750122834
10945118,3439249.761644519
10899775,5499774.891289103
10929592,3876550.219457469
10968696,3345196.119916513
10819357,3867089.9715009993
11011646,4717567.8773407955
11032433,5529574.032974712
10935836,4365369.769175481
10975922,6251529.430664899
11029822,1615773.2433653008
10863287,2642290.7353892396
10861315,1295876.3291430636
10826845,6670260.35838083
10717107,5721907.853841059
11004079,3817477.0078200875
11026927,3411406.585327952
10360259,1879737.8567290176
10760065,2264340.258994014
11011460,6961323.233832847
10912162,1846739.5788321495
10919020,5535892.149994729
11033250,6008900.052625317
10800518,4703565.877274721
10967593,1427921.42320744
10141982,1376527.5425409167
10572592,4482279.294257944
10993623,5430553.238820204
10947314,3776133.266711414
10623192,6561289.797802081
10983483,4115153.1606140602
10271378,5339103.50351967
10909594,4070806.393226845
10626290,6331707.949113226
10824218,2041464.2380662952
10763528,4375997.45455712
10777979,2057389.0046419487
10848185,7341912.77054651
10968153,1734622.6868510237
10812095,4630847.000161582
9199357,6436729.711569059
10971271,2831329.6362926625
8823314,1726636.2653062963
10941855,6999487.401042175
10971792,3195659.3189083873
11018989,6166972.57888622
11030418,1968545.4661103552
10638794,4609832.374271452
10613102,2510989.5358788827
10733852,2802925.403115079
10867723,4061006.0905230613
10078241,5658750.928670274
10556989,4262787.212610113
10620123,6060230.325713236
10978655,2270073.975842282
10918577,4648714.532436181
11029666,3385885.9097390883
10797015,4378206.125490694
10948449,6836936.071084322
11033999,5242347.686260205
10932621,1918834.6913095536
10880663,7090318.992211538
10979130,7069915.848791841
10908407,2544508.3331251196
10921237,3128283.9084354434
10976440,5627203.996427378
10231092,1739329.8787997575
10964037,4895197.543031842
9245360,7443236.215856427
10983344,2748022.343139261
10936699,4308439.330168109
6977756,2909654.3527732017
9275020,4859323.716552725
10949160,6108103.491284808
10947505,1416347.7541657756
11006463,5891755.97780145
10856419,2350378.9898868026
10897855,2861150.51445079
10169415,2968846.710051229
10474301,2228500.6902188472
10839254,3584340.7415171005
11047830,5038153.943045426
6848663,2755154.6808363283
11022305,2088927.5092303012
10587723,2634620.0911699897
10749332,2274416.9538691603
10586918,4671047.279967102
10904931,5206881.939769883
10611851,6751802.447719752
10638066,3151115.5772887915
11029555,4874389.807064581
10983516,3878983.2898893673
11023727,5840613.158604011
11034091,6788039.137866672
10874675,3429308.571083781
10888421,4210671.131133468
10425513,7542718.085836442
10889080,2711626.6337657827
10532128,3569833.905465222
10520533,1900871.4958299538
10810303,2613052.9288649186
10748275,3686210.623299952
10137006,4279976.057004665
10160049,2192384.6106879343
11031791,3565302.3894094834
10932582,6873887.885667692
11033960,1690392.878321906
10075699,1869457.119652446
10861604,4649326.755911268
7345431,3001139.6283958517
10985662,7418476.269905516
10728889,2120829.9660209776
10826750,6555591.832043132
10865861,6419529.367636959
10658021,4609017.674885016
10865369,7814587.8717645835
10885984,2710285.481902172
10725929,1406752.5823590895
10710688,2313747.3333646073
9257188,7524896.540760564
10672375,4556545.541868443
5186189,4775333.165290352
10932617,1711111.519893305
10329484,8586469.768520273
10914426,1919255.8762606746
10844601,1255270.4698338564
10751380,3346220.0659830812
10678013,3057374.339529232
10829951,3972792.880749905
10820931,2873341.929902774
10988121,2180227.3625689684
10618086,5231517.862048361
10299933,5607205.55326169
8007088,2716575.1118422053
10099469,4461865.292483141
10604579,3758442.338982056
7865100,4072803.9429494007
10664150,5569326.257617385
10841420,2325650.0500708404
11008508,1958434.462662662
10593924,5393505.16554016
10926807,1610138.7223287197
10833423,3814795.231325074
11033438,2774052.980362081
11031553,2718537.110894301
10825521,2389141.0180525095
10987303,5603039.109127355
10987002,1612052.1113666086
10989632,6731140.228454605
10980379,3388409.960426565
10612245,4985678.363242442
10891882,2521205.6010435484
9701706,2260028.8568280954
10771132,3428896.166499643
11005124,2452038.3662008005
10937761,1583923.5231757788
10842963,3032753.0581999533
10968230,6503633.723610142
10878893,5101118.734130258
10836351,2796580.31195008
11026837,5781352.259610399
10978730,1517890.5732365302
9325208,4428465.109300063
10957271,5889982.666847781
10742252,1740371.320894695
10546095,2353000.901805673
10631427,3671171.892073529
10741514,1481085.1847727718
11026814,1675471.2220650478
8266520,4410255.708362987
11017124,5873310.984495168
10607873,3379106.3074271707
10691775,3557521.45211316
10653793,4775388.508685448
11020566,6928307.816520427
11010803,2113879.312251946
11008424,3133540.936798
10839679,5687854.6416381495
10926827,3847054.362584466
10889848,4815409.697165777
10866938,4984058.112906845
9745877,4317383.549822673
10202871,3166520.6112105856
10977224,3024021.529859083
10991573,7300723.208411901
10705619,2083719.0677701645
10634516,2443843.764401578
10834541,4248270.235503393
11032870,2227230.269409529
10895074,8864573.813721072
10645999,2493618.5785446777
10966774,4334616.621497581
11003034,1685173.9470720557
10940589,3397030.3125498802
10872678,2690102.7917767307
11033791,5566073.106243474
10936950,1703769.952770108
10508661,3701273.4609003398
11007966,3133540.936798
10747506,5351110.913778383
10837355,4469032.605057191
9981206,4008595.7830010997
10833070,5970452.736819684
10978705,3008810.6399335293
10955487,5345082.289065985
10852255,6697594.36626629
10682249,2840599.800518586
9433513,6792398.470016003
6168360,4684064.416198098
10885240,2646348.2237031558
10784293,1551069.5436239522
10818641,1981168.307805087
10839140,1387981.2199743874
10916722,2188227.2187103555
11020796,5757333.309334181
10937632,2398644.646916523
10955307,5229110.945227944
8506839,4460711.5191018535
10920812,1606090.8816915634
10850891,2430881.664727892
10611239,5330036.896692384
10936197,1564199.213589881
10669737,3865293.8618208137
10611849,4684084.317120592
11015361,1357737.376282787
10635113,1959342.0837220023
10915932,4647808.935233559
10901417,2638579.5156027013
10880927,6262768.861371528
11022290,2884679.511747456
10907015,1698185.4844143894
11034817,2745930.8144740732
10967385,4819712.628197704
10852010,5134962.588687957
9390225,4305568.301407872
11010288,4673769.700717794
9615989,2340372.5939689158
10960951,6147678.478302295
10503161,2667438.695616027
10909520,1027817.6290167035
10197024,3973925.941559382
10769561,6405496.372225768
9809232,6176628.167191655
10904033,4574704.0291295955
10299924,2768808.934985387
10921022,2052943.2668267363
11034497,2517111.1508497214
10609466,5977443.166962851
11025439,5654986.870486411
10925980,5742566.691613026
10995129,3835700.496769345
10754020,4432618.978870484
11025677,5597987.613163948
10872466,5532202.778676668
11022927,1847115.6757482765
10791000,5351884.728535189
10851705,6089710.088102188
10914936,2417340.465301379
10949189,3070123.28876507
10959445,2001456.1228291923
10612200,6161459.647087248
10915624,3462876.784847114
9958296,3877540.697982863
10866051,5633705.5858271625
10613363,6174966.081642924
10725154,2296404.0583648984
10903377,2251966.1114104767
10982611,4914133.343117246
10683459,4516653.031164893
11011763,2600002.202062623
11030397,6404457.785120092
10821276,6761698.686146179
10724295,4867172.085205041
10819287,2363677.0721758436
10622822,6420578.613092411
10918055,8410882.378097087
10868827,3777814.9226413043
10967090,5358757.326127101
10542009,2587283.7514315597
10811787,2782812.5015190057
10768942,3238926.489560562
10824049,4356418.532769242
8577880,8286059.776300386
11032254,1365153.5611712183
10903228,2375373.99116272
10577235,4647059.25215884
11011440,1139303.1188507942
11000046,3114767.692807064
10953428,2885050.996789501
11028529,2741520.4875949128
10562027,2799108.538911652
9994299,4504160.469190137
10610598,2329242.117231901
10939847,5071141.05010356
10928642,2061577.044393791
10842154,1892459.0675857458
10991980,2855073.329819988
9763903,4539665.132853956
11043106,2239301.122158084
10877623,6579570.583418941
11032794,6746632.774147304
10976393,1807693.3031049347
7870211,5854396.6660563545
9750582,5155478.751549499
10917644,7239261.583715022
10823602,1959074.0537788216
10667858,4875271.613581847
11034110,26837.133410671726
10804381,2422514.8075644034
9978289,3727958.8645253503
9665352,2492681.6193106906
10843851,5810912.853574445
11002055,2385120.0869930116
11019056,2304768.752656452
10235318,1902794.4249006412
11032323,7155154.719147779
11026314,2236548.267243125
10702055,4484635.416864986
11025521,2886972.424312357
11023044,2278918.064309006
10985009,3793530.173508632
11010671,3786816.8337361896
10562477,2021925.563707233
11029904,4705134.000974635
10611452,1824844.381806041
10851152,2114740.214361584
10794227,4053426.8902710686
10517025,1607203.260825465
10949281,1616712.4845789783
10402995,1928535.5087182298
11033278,1359151.4865077152
11016278,4510394.721756381
10770803,2718865.741961727
10632652,5809553.951036815
10727184,1811255.387238861
11028846,4992121.447779651
10931230,3782830.3131962223
10878138,2849940.399691996
11041130,2411917.420874736
10713412,1694478.5491021406
10988550,2228787.860720842
10999349,2725843.5569431074
11014664,1985621.9592200778
10144235,8564286.065364137
9112830,5045334.194800951
10812901,4322901.982480045
10605925,3459633.5625186265
11031797,3778945.571105279
11003376,5178699.913734843
10806414,3371707.7747714263
10857168,4798908.606811558
10682675,4670127.360617369
10814189,1951980.905220585
10845096,1834606.97304895
9824859,1456899.9460911667
11017118,2747987.032999602
10938914,5278820.598961974
11011830,4867047.243422301
11006977,1448896.056170878
10767988,3924818.748183418
10882143,3926114.1750730406
8652686,2955192.3048365107
4733828,3584021.5564095112
10936897,6086117.157111424
10731032,7413545.837977049
11033219,3953001.532545899
10060918,1656523.1129897577
10969662,5652647.009115769
10679090,1479254.5023050401
10655005,3352717.947471839
10953035,7650456.295517237
10967776,1630566.937040275
10665241,2242710.063929836
10867374,4766689.791642713
10826774,6032858.390704442
10905425,5484551.7525703255
10609821,6027242.220188204
6549688,4284065.160169244
10954937,3767954.0546485744
8048280,3436706.0338327964
10465754,2545989.287264143
11010833,4239720.307907277
10879008,2892641.798433341
10848415,4881784.422234542
10816922,1774808.9226220236
10717774,1513680.960919789
10399459,2801022.335975577
10826329,1808118.7398463911
10975927,2971069.204724162
10973590,5697051.58284159
10989065,6887595.682780951
10919887,2866733.0912493244
11031889,3619069.7064589555
10680660,5130480.2178528225
10692479,5542167.164610833
10936071,4383646.119517044
10899561,1410419.9125588029
10971996,5109198.830787663
10927031,1477349.1370521882
10961742,3782891.713359352
10612749,6765439.767792158
11032310,4269449.508031594
10974812,4914730.925134758
11029669,3244830.963236698
10926689,1689204.1845691805
10903700,7133920.391436817
10622973,6726649.3150648745
10927913,1665772.5405489034
10975546,5268721.925481731
10880233,1473390.046107281
10915044,2835710.7506175274
10826288,2930146.546458858
10075657,5225353.230676855
10946346,4436836.349930141
11037037,2163271.5779104214
10906948,2480485.0673995875
10797236,3985297.66646042
10998492,4234477.9762322
10538683,6945458.528877237
10932574,4920057.454895286
10966113,2038856.9405741142
11028424,4617057.436198677
9824857,1594999.8079380873
8231199,4690499.743606833
10314693,1751547.3177466006
10611916,8196138.209589821
11008496,6712155.624437827
8338961,4410255.708362987
10911724,5852802.223031663
10823780,3509353.804001329
10547838,2572548.941984645
10610021,5203433.327447179
10829886,7096436.784386937
10098700,3131201.5804591933
10952272,4934538.204331385
10756967,2053425.397101121
11033769,3331650.826625364
10984827,5122641.796442725
10746162,5272217.321037408
10990720,2488289.879654927
10933736,1493413.3860793756
10315289,1539753.26601669
11017217,1315145.287646641
10534113,7256868.168763143
10611151,6151495.333551422
11033582,6444631.089941572
10887717,4892068.798665397
11033895,1770450.5180318723
10587071,6359961.09551472
10852381,1729415.1220867
11030336,1917919.00848505
6614212,3040971.7862474197
10906406,1618882.776976333
10952510,1628935.846584672
10560535,1338561.7265820615
9962489,6622070.111836471
11003561,5776973.284083998
11038803,4320222.715813855
11023524,2704570.3298457935
10848120,5992297.180541892
10678301,4169546.7748148893
9870439,3759611.9202064015
10562459,2094100.7649883558
10224224,3978631.362493838
10779104,3694528.7182484614
11007735,2781862.928173002
10868322,5614676.123126922
10836398,5043559.328040108
10994853,3891035.803030366
10807041,1640275.8781196414
10217146,4215338.34267856
10885823,5154493.038235774
10344809,5795668.143044727
11008807,3135579.6510807
10744627,3781408.6998951808
11015358,6396528.017356904
10892527,4410255.708362987
7417021,3882804.4819571134
10951175,5411189.989890599
10979927,1676346.374394938
11003717,3159265.1606969237
8642626,3270977.9055416356
11039881,4452941.371496008
11033386,4221823.394979171
10608823,5568227.634117537
7827298,3712796.0910499403
10832204,5417769.285484787
8965561,2978855.0915478417
10840057,5239824.445193759
10889000,3096773.96172199
11043501,6097434.11425332
10827371,4995944.552583178
10719399,4661006.661815624
10881162,3267684.34111755
10787565,1680854.6469035125
10957771,5026305.393151001
10215524,3998293.7387776873
10693962,7799343.163866337
10975796,6823121.001791941
10944453,4383503.694060557
11030707,3472407.564968521
10753113,2118279.984450885
11029525,1480406.023788238
10466937,1898724.8134227367
11033414,3890123.4434528626
10891319,5170736.1722729765
11033879,6619475.077564629
11047108,4715069.710931251
11007712,6922296.81274469
10644464,3184889.445828908
10997005,4295569.186286816
11028582,5604910.182426657
10532239,6712730.351718795
10786240,4142510.3214557013
7867852,3728206.044838966
11015082,3160060.392500568
10788380,2135474.168688815
10691791,5372934.595688723
10968245,4823763.833354907
10935155,3856545.0808027885
11006886,1814174.2318579084
10705725,2052629.5931942994
10813515,2305711.6460207324
10987619,2222817.0028221146
10638475,6349205.281054811
10876201,2780535.7993079806
10933119,5738728.495760285
10880911,3158584.9135018503
9682014,3066362.1848328626
10819454,2956994.7155686123
11028535,4952166.555958304
10985627,2237170.598195102
11031603,1647852.8599086544
10508942,6457885.260492733
10997229,3301300.674089062
10059587,3239438.031674973
9408556,5894995.0607857
10550238,2954193.534477627
8732295,6751756.114798947
11031373,2554272.9238579464
10466038,3849895.4657751624
10841475,7166130.378238553
9715017,3066362.1848328626
10609690,6795400.809561734
11028801,1703807.3225134797
10783099,3417388.602329377
10767232,3667984.0429862416
8083122,4826812.528935344
10786774,2263139.1417390825
10765056,5700072.96081263
10937818,3086937.903168636
10933782,7690332.013580339
11046193,5417374.969719756
10809579,7103904.041672731
10884967,3531539.0781997526
9519830,5156133.089557699
10724932,2313985.1858191825
10832417,3440420.9373486857
11030603,1614338.3319697776
10020072,5761134.533784217
11026252,5474778.851576461
10956049,6105238.669739371
11030140,6928302.740390848
10986637,4393681.261715811
10361438,3238926.489560562
10897746,2490458.616486935
10844003,6577929.995805982
10837309,3467173.7462804206
10782719,5697274.327899423
11010977,5206881.939769883
10955275,5591185.2478576545
10967235,2023610.2770880945
10822436,2873938.6151689673
9809274,6312682.462452631
10979293,6598006.555560655
10959129,5677235.668633316
10653085,1401442.7694275822
10938322,2388524.7345679016
11033720,4510069.6140904585
9598824,5260383.117201175
10682935,6204956.454066796
11032141,3331307.25735988
11028684,3924939.858932946
10982541,2125893.219863542
11010007,1317065.973228952
10959125,1315145.287646641
10927164,2892343.115911423
10185480,3527302.3198393146
10915266,5012902.906464153
11012254,2795421.1690975875
10862285,4139604.7131131706
10642496,6966606.930946963
11028989,5726149.907455525
10613355,5503965.961068376
10979584,3862624.7451522723
10863533,236984.7327337796
11033642,5041704.159028528
6054980,6097387.492843841
10731611,5699306.179195302
10932624,3164860.959018146
8291346,3486629.744370429
11016173,4876644.95980207
7891642,4120926.346502281
10944723,6108103.491284808
11007545,3333334.5860959804
10584459,5355569.87133984
10979250,2020356.7296330417
10968768,4504227.344859046
9739372,4772518.334968479
10592772,6024041.328933842
11005907,5559397.1329168035
10940197,6963857.262092989
11011624,6427765.587802957
10752174,5134209.271578946
10652295,1584497.1784518743
11028735,4271407.913616638
9794888,5105427.630044655
10534946,5708246.032486771
10963569,4692401.384949572
10855711,4463507.751445014
10748716,3321291.6478604074
11045140,2047342.8720563678
11006458,2737938.33724242
10976212,1951242.52176313
11007629,2982271.3292437647
10963608,4692401.384949572
9211286,4104184.230768339
9071862,6258320.119040096
11028984,2386526.9949987326
10862983,2146718.202111648
11034016,4375532.20489529
8803234,5486817.345386343
11044247,3377125.368789551
10961418,5004182.327909267
10891131,2105195.8701841244
10837271,2501084.848544508
10383122,5480793.71603641
10608537,7996040.674230354
10688118,1578633.5053400863
10930069,2602408.2927850797
10915088,3290891.1170897107
10848354,6449821.520458941
10622993,5463105.43048765
10943908,2384024.040012615
10716815,2835493.2932909974
10534162,1622439.3203518107
10629978,4358565.477170005
10847505,2072582.4226623443
11021813,2431986.85554384
11033561,2317510.028548507
10795410,5542819.390295478
10772278,2399677.6378604136
10850771,4467470.979200743
9982816,5881190.0190007975
11026980,5801466.937181335
10952037,5655718.990669469
10823660,6026308.094636043
10917379,5632968.637830918
10976615,5057646.8577507725
10980351,4958671.2413348695
11019778,2017197.0491019366
10858488,5830579.2780163605
10991286,1458967.7423217571
10964866,1347571.9375324585
7595148,6453694.486909703
10377513,1570858.928791128
10799944,5208098.015152912
10850718,1938060.392772778
10936153,6433883.586383741
10859486,6601673.465459634
10612038,6494036.940133675
10534659,2517835.6831994546
10963440,5005328.9474553
10908080,1582178.514574931
10876512,1392650.290308888
11018580,8044589.537840189
10769562,6405496.372225768
10984671,6428819.369718601
10808993,4490670.658691023
10574056,6444496.477668693
10543692,2516347.6347755776
10956155,1484861.7802084438
10850599,4542488.922310165
11010005,6826757.998652941
9859977,6879048.302317472
10858411,6127533.461739802
10995333,3105106.790299535
11006151,1919900.1891859341
10982870,4337802.022569445
10645559,2957330.6583589185
10794854,4078291.8812141204
11032562,5520282.682741319
11039803,6331753.136645885
10980763,4118210.4717835034
11032294,4680686.592478964
10991074,2149237.2112371833
11010466,7733630.393857087
10882327,4021090.4572012206
10611445,6058910.312089402
10802866,2812723.885798527
11008096,4397412.288634889
10762137,5455133.794108245
10911546,1510413.7813211642
10795143,1361056.4021320217
11008370,804233.3399900477
10253847,1615773.2433653008
10998638,2662458.9916065466
9817199,5190273.354062465
11029124,6246123.89940351
10914401,5194476.045513967
10936048,6161120.143546114
7532412,1993081.0997709553
9211193,3725567.012156105
10762027,4358759.8393962905
10979774,4997048.002730509
11028061,2398708.327444529
11031972,3006047.307815572
10977855,1836447.7094531888
10895030,1749262.3715082854
10466031,2169511.382824804
10863769,4072395.439607555
10853739,6856735.098782766
11005214,2222253.829109176
11027289,1337172.7150588217
10535322,7028432.210658019
11030402,3333052.283442157
10556059,1429784.8263188894
11006993,992123.2295586113
8780936,4387736.133262787
10397793,3674329.7187271877
8420138,5971665.126419907
10388632,1473390.046107281
9910431,2400927.474229406
10852372,3361127.3637501607
11006491,4258353.975093424
10906001,2985808.450627407
10847271,6332167.763175645
10903056,5187207.127267813
10705774,6701654.942764802
10935746,3663807.400372848
10969134,1509225.4420365551
10980318,6715012.805774638
10820355,2346463.745941525
10851867,4481817.318429137
10782647,3957698.517154332
10598446,5527963.101591371
10586747,8466952.682849012
10983720,2432965.7321195547
11013422,3255290.7177232723
10569926,2724164.651489416
10897027,6657117.4800364645
10931328,2523142.815898172
10893179,7630061.490382476
10299688,1526926.7592255399
11021725,3915725.8463625507
10946368,5077799.591722931
10906441,3030425.3612902155
11029067,3823196.4880967117
10390703,1205470.2015070692
10957336,4790830.264137747
10945216,2642308.932995615
11028013,4184212.3934741644
8304378,1792251.3203568747
11030324,4690977.627989851
10807701,2342380.6095829103
10816856,6233964.245545606
11031047,6513954.8265631925
11031068,2662831.818599692
10851161,3130214.456022194
10846626,4630450.9928747825
10985483,5569116.346706524
10693136,1952780.0989744854
10884988,5700468.895078292
11044696,2000617.0579929654
10873478,2908541.2873987006
11034556,2397142.77840507
11000780,4195859.498521583
10900087,2871706.0861924314
10966889,1402603.6298719118
10768982,5676111.519524545
10562001,7203065.0041915905
10648776,4429408.701573046
3948095,3234184.9115459947
10508750,7156949.307813846
10135058,5245296.14741578
8719950,5274799.40077939
10915551,4432142.680295315
11001438,3019373.904466406
10738422,4209774.065043295
10895391,6066364.457041641
11029506,1526002.9408924403
10038473,3523584.5874794708
10874633,5058932.998977406
10966238,7697736.719582621
11000032,3283121.0409549884
10865261,4603711.705650218
10677780,2422259.3217637762
10609595,7369314.581938308
10609962,8389090.820883049
10783317,3724142.815432474
10809836,4714814.213512659
10558845,3696120.9908551327
8227268,4513182.871712497
10534537,6626759.530844774
7379852,5831121.747192327
10978591,4959056.939289622
10949083,2030695.5655759885
10747678,4225874.3166491855
10229132,920836.7115984582
11007029,4634762.60846824
10868256,1592386.495310001
10787120,3392204.0063691637
11015667,6780580.722325142
11008369,1031962.3723752787
10559120,2495823.971951603
10708878,4091246.441213823
10895226,1878932.8842690233
9507204,5136428.601773147
10870625,3890765.6723374063
10963465,2340163.914389152
10665842,1797470.6325013908
10140719,2256407.4708261658
10669155,2505338.998728025
10638182,2858173.9099111874
10305731,1808056.4787502172
10823712,3126566.0570823867
10845673,2709085.3649459085
10736490,3907457.687942011
11002157,8632478.678912234
10854487,4052968.389261536
10932443,6469583.682811469
9238274,5535518.077914276
9968704,6457861.307699335
10960551,4186954.928822462
11004369,3126476.942443096
10797182,2287609.3261622344
10710497,1593569.8935757652
10833515,-13870.369764503092
10621632,4540967.3928340105
10946619,4097167.701363017
10987445,5168747.006235184
11020441,4089839.5501384037
9744263,5998019.575463609
11031724,3897798.199773322
9593747,4733015.976588408
9144533,4290851.648474475
10548490,5336167.13739649
9225076,6230354.335589503
10854965,2070833.09433704
10996375,3373124.431882254
10930080,6407607.614045535
10912952,6432530.086358015
11007485,1531075.3927739942
10713853,2063065.8649195833
8279961,4005201.7629565937
10986609,5129212.082516242
10930823,2404509.6791399745
10675659,2334546.285574374
10929451,2488170.097424321
10810651,3477137.5838587224
10975874,7721957.643305013
10633988,1600543.409915693
10548030,2665028.500739213
11027954,1851131.417275907
11015121,2502174.9602321433
11003421,1096344.2951572733
10994277,4525839.788863964
10888989,4668435.402635486
10543141,4071430.873501287
10556346,6758908.629673046
9811345,2979207.6685795365
8820263,3377888.951107501
10892642,2700162.602020625
10966173,1956002.2545492114
11029272,6131463.625513477
10928019,6694472.127933321
10934632,3373019.123593637
10861222,5407327.758993308
10982523,2927259.3435393022
10891424,2968846.710051229
10845195,2943019.1591787646
10782796,6520034.6796781765
10976644,6943213.718158079
10984787,1990575.2102820473
10900153,1460594.1185621056
10933665,4433486.2959151445
11010985,2249555.0475528887
10775644,6273605.016928315
10977323,1887253.2303874986
11029406,6654884.992112555
10983020,1929137.7543334994
10841047,5061560.335566176
11029333,4812678.663621737
11007952,5878602.030527573
11015543,1273053.111915214
10975600,1409782.2729031048
10965165,3424671.3919305243
11016410,2278537.8626020364
11030260,1951451.5855663745
10892906,2214259.792436637
10739080,3908274.1717212386
11026594,2866876.1820132285
10862767,4692495.578183772
10599029,4303029.181440929
10786060,2110310.815979027
11030210,2197353.8379547717
11007754,4492281.639925562
10911731,1869633.4146518232
11022628,7845205.545368584
10923883,2628710.704103299
10509822,7158504.48598826
10989575,3424671.3919305243
10543394,5107519.316993789
11036886,4763482.084812023
10747570,7285758.108044198
10983498,4433081.789429275
10646810,2732547.568041264
10979171,3745519.985467788
11029980,5671410.899589702
9966528,3031346.7315363744
10984887,1542904.2137702587
10679893,4253342.911692347
11027657,2127247.185816654
10605936,4623761.255534044
10907017,4697702.205691385
10855719,3153695.875743521
11032227,4761430.796105184
10931788,2780750.170523084
11010968,6008087.312109237
10918046,6206181.540785387
11039839,2691132.3195436094
10609036,5112482.08409483
10532865,7083288.64366159
10736521,6358339.001278536
10796974,6096235.729900708
10619770,2386736.377365579
10988787,8871011.592954664
11020216,5200520.421891302
11032406,3559492.718116803
10888606,7809966.117100991
11023166,5408480.769688379
10270151,1689616.2978214817
11004028,4776706.62437118
10888491,6036774.768637097
10945357,3812868.245111509
10632828,1966462.8176552989
11029644,4289949.511353595
10813011,5687579.348458031
10928173,8188091.441298725
10911507,5366617.801296547
11028479,5457002.406318479
10187898,5691513.36436866
11011403,4447136.436069566
10609571,2908710.8937370107
10928561,1297158.7481402396
10939958,5947671.850877518
11008529,4583055.551728839
10974572,2572627.6993549163
10705658,5042510.747975856
10605801,7156949.307813846
9951427,5757087.479637195
11032439,3020202.7754581003
10938936,5959720.539194802
11031960,7340363.262224245
10948480,5894072.56418457
10889925,1754889.6549600852
10535343,3722838.7090784656
11011086,5384228.926910296
10967200,1594241.505339154
10695302,1773449.8152369051
10895188,2315213.4145545177
10870893,1715636.4542883174
10724185,2305144.4756251313
9267681,7524994.954039877
9593748,4795202.660418789
8794108,3906297.3661294593
10844482,1615257.3532891553
10932808,6083233.788220668
10817829,3121505.617410411
11029946,4252383.748861049
10817739,3695184.1964908824
10866998,2265477.600914069
10707811,5864545.589758923
10845229,2665733.1934062056
10727166,4149021.596729963
10619987,6883045.0448518125
10811608,2084009.4781462504
10848317,5353931.041125921
9584613,4058967.60002922
11006354,2351160.545696117
10979841,1776949.6821304285
11033094,5683596.197333298
11028606,3842697.781658254
10933851,5448990.118880347
10826178,4181564.723918598
10783700,4028515.650908213
11030318,731169.7185050827
10973204,3605798.6751083173
10713135,2549586.806205664
8885290,6642760.96866581
10976358,5834615.63987508
11027116,2019714.3871024763
10733076,5786554.614579141
10120681,6234404.456331099
10624872,2493886.638373999
10689174,6681931.312594272
11032237,7422932.961747291
10842636,3106846.1588398837
10854110,1659133.372503528
9400862,4786348.235942399
11033468,5021703.6469427645
11033724,3210218.967573042
10723659,6412764.517946122
10978831,2378251.6345472094
10786947,6603977.164013968
10685857,4197676.798718804
10992734,2417298.7564094076
9973763,4339721.331064458
10907290,6758233.682121512
10989128,5838595.692583848
10988863,2741970.136525956
10077042,3270025.4543005303
10751618,3570863.799109147
10917133,5097160.143585885
10389474,2921821.33973628
8669693,5314722.927998481
10938438,1919349.838160091
10150188,1787442.8560065478
10831284,4893360.38727637
10587594,2073087.4531224398
10691915,2068110.0828574104
10963410,6763539.567009388
10948078,4427405.3876564
10998660,6658539.14056219
11029106,4339212.5883511165
10986769,2442896.42363627
10850341,6076093.438703578
10958972,1841210.279516168
11005955,4814286.578364656
10610028,3537365.4334143912
10979295,3268413.230597685
10915910,1989694.0651899897
11007478,4893521.735839175
10889363,5115961.009114607
10975839,8466952.682849012
10986832,2271159.376284634
10687627,1719456.208643123
10910437,3386725.770080628
